Year,State,Flyway,Zone,American Black Duck,American Coot,American Wigeon,Blue-winged and Cinnamon Teal (not speciated),Brant,Bufflehead,Canada Goose (not speciated),Canvasback,Eider (not speciated),Emperor Goose,Gadwall,Goldeneye (not speciated),Greater White-fronted Goose,Green-winged Teal,Harlequin Duck,Light Geese (not differentiated by color phase),Long-tailed Duck,Mallard,Merganser (not speciated),Mexican-like Duck,Mottled Duck,Northern Pintail,Northern Shoveler,Redhead,Ring-necked Duck,Ruddy Duck,Sandhill Crane,Scaup (not speciated),Scoters,Swan (not differentiated),Unidentified Ducks,Whistling Duck,Wood Duck,Miscellaneous Ducks
2016,AK,PF,AK:Izembek,0,0,0,0,46772,0,0,0,34649,6262,0,0,0,0,0,0,0,0,0,0,0,0,0,0,0,0,0,0,0,0,0,0,0,0
2016,AZ,PF,AZ:1,0,0,0,0,0,0,0,0,0,0,0,0,0,0,0,0,0,0,0,0,0,0,0,0,0,0,0,0,0,0,0,0,0,0
2016,AZ,PF,AZ:2,0,0,0,0,0,0,0,0,0,0,0,0,0,0,0,0,0,0,0,0,0,0,0,0,0,0,0,0,0,0,0,0,0,0
2016,AZ,PF,AZ:3,0,0,0,0,0,0,0,0,0,0,0,0,0,0,0,0,0,0,0,0,0,0,0,0,0,0,0,0,0,0,0,0,0,0
2016,CA,PF,CA:1,0,0,0,0,0,0,0,0,0,0,0,0,0,0,0,0,0,0,0,0,0,0,0,0,0,0,0,0,0,0,0,0,0,0
2016,CA,PF,CA:2,0,0,0,0,0,0,0,0,0,0,0,0,0,0,0,0,0,0,0,0,0,0,0,0,0,0,0,0,0,0,0,0,0,0
2016,CA,PF,CA:3,0,0,0,0,0,0,0,0,0,0,0,0,0,0,0,0,0,0,0,0,0,0,0,0,0,0,0,0,0,0,0,0,0,0
2016,CA,PF,CA:4,0,0,0,0,0,0,0,0,0,0,0,0,0,0,0,0,0,0,0,0,0,0,0,0,0,0,0,0,0,0,0,0,0,0
2016,CA,PF,CA:5,0,0,0,0,0,0,0,0,0,0,0,0,0,0,0,0,0,0,0,0,0,0,0,0,0,0,0,0,0,0,0,0,0,0
2016,CA,PF,CA:6,0,0,0,0,0,0,0,0,0,0,0,0,0,0,0,0,0,0,0,0,0,0,0,0,0,0,0,0,0,0,0,0,0,0
2016,CA,PF,CA:7,0,0,0,0,0,0,0,0,0,0,0,0,0,0,0,0,0,0,0,0,0,0,0,0,0,0,0,0,0,0,0,0,0,0
2016,CO,PF,CO:1,0,0,0,0,0,0,0,0,0,0,0,0,0,0,0,0,0,0,0,0,0,0,0,0,0,0,0,0,0,0,0,0,0,0
2016,CO,PF,CO:Brow,0,0,0,0,0,0,0,0,0,0,0,0,0,0,0,0,0,0,0,0,0,0,0,0,0,0,0,0,0,0,0,0,0,0
2016,ID,PF,ID:1,0,0,0,0,0,0,0,0,0,0,0,0,0,0,0,0,0,0,0,0,0,0,0,0,0,0,0,0,0,0,0,0,0,0
2016,ID,PF,ID:2,0,0,0,0,0,0,0,0,0,0,0,0,0,0,0,0,0,0,0,0,0,0,0,0,0,0,0,0,0,0,0,0,0,0
2016,ID,PF,ID:3,0,0,0,0,0,0,0,0,0,0,0,0,0,0,0,0,0,0,0,0,0,0,0,0,0,0,0,0,0,0,0,0,0,0
2016,MT,PF,MT:1,0,4642,0,0,0,25,2775,0,0,0,56,339,0,122,0,0,0,6387,87,0,0,0,0,300,220,0,0,41,0,130,0,0,0,0
2016,MT,PF,MT:2,0,470,0,0,0,152,83433,0,0,0,4,8866,0,49,0,0,0,15708,98,0,0,4,0,0,0,0,0,0,0,18,0,0,0,0
2016,NM,PF,NM:1,0,0,0,0,0,0,0,0,0,0,0,0,0,0,0,0,0,0,0,0,0,0,0,0,0,0,0,0,0,0,0,0,0,0
2016,NV,PF,NV:1,0,0,0,0,0,0,0,0,0,0,0,0,0,0,0,0,0,0,0,0,0,0,0,0,0,0,0,0,0,0,0,0,0,0
2016,NV,PF,NV:2,0,0,0,0,0,0,0,0,0,0,0,0,0,0,0,0,0,0,0,0,0,0,0,0,0,0,0,0,0,0,0,0,0,0
2016,NV,PF,NV:3,0,0,0,0,0,0,0,0,0,0,0,0,0,0,0,0,0,0,0,0,0,0,0,0,0,0,0,0,0,0,0,0,0,0
2016,OR,PF,OR:1,0,0,0,0,0,0,0,0,0,0,0,0,0,0,0,0,0,0,0,0,0,0,0,0,0,0,0,0,0,0,0,0,0,0
2016,OR,PF,OR:2,0,0,0,0,0,0,0,0,0,0,0,0,0,0,0,0,0,0,0,0,0,0,0,0,0,0,0,0,0,0,0,0,0,0
2016,OR,PF,OR:3,0,0,0,0,0,0,0,0,0,0,0,0,0,0,0,0,0,0,0,0,0,0,0,0,0,0,0,0,0,0,0,0,0,0
2016,UT,PF,UT:1,0,0,0,0,0,0,0,0,0,0,0,0,0,0,0,0,0,0,0,0,0,0,0,0,0,0,0,0,0,0,0,0,0,0
2016,UT,PF,UT:2,0,0,0,0,0,0,0,0,0,0,0,0,0,0,0,0,0,0,0,0,0,0,0,0,0,0,0,0,0,0,0,0,0,0
2016,UT,PF,UT:3,0,0,0,0,0,0,0,0,0,0,0,0,0,0,0,0,0,0,0,0,0,0,0,0,0,0,0,0,0,0,0,0,0,0
2016,WA,PF,WA:1,0,17499,97184,19,11811,18892,25577,997,0,0,1609,9423,48,36300,1101,69264,690,137636,8090,0,0,100263,2923,6,8300,2753,250,30798,14320,19108,5930,131,0,0
2016,WA,PF,WA:2,0,129400,35449,0,0,3702,8868,2440,0,0,1539,4390,0,505,0,2450,0,90258,2149,0,0,322,187,1725,4325,2002,0,36948,0,571,29,18,0,0
2016,WM,PF,WM:Baja,0,0,0,0,55066,0,0,0,0,0,0,0,0,0,0,0,0,0,0,0,0,0,0,0,0,0,0,0,0,0,0,0,0,0
2016,WM,PF,WM:WestCoast,0,0,0,0,17324,0,0,0,0,0,0,0,0,0,0,0,0,0,0,0,0,0,0,0,0,0,0,0,0,0,0,0,0,0
2016,WY,PF,WY:1,0,0,0,0,0,0,0,0,0,0,0,0,0,0,0,0,0,0,0,0,0,0,0,0,0,0,0,0,0,0,0,0,0,0
2015,AK,PF,AK:Izembek,0,0,0,0,50316,0,0,0,29506,5856,0,0,0,0,0,0,0,0,0,0,0,0,0,0,0,0,0,0,0,0,0,0,0,0
2015,AZ,PF,AZ:1,0,0,0,0,0,0,0,0,0,0,0,0,0,0,0,0,0,0,0,0,0,0,0,0,0,0,0,0,0,0,0,0,0,0
2015,AZ,PF,AZ:2,0,0,0,0,0,0,0,0,0,0,0,0,0,0,0,0,0,0,0,0,0,0,0,0,0,0,0,0,0,0,0,0,0,0
2015,AZ,PF,AZ:3,0,0,0,0,0,0,0,0,0,0,0,0,0,0,0,0,0,0,0,0,0,0,0,0,0,0,0,0,0,0,0,0,0,0
2015,CA,PF,CA:1,0,0,0,0,2570,0,0,0,0,0,0,0,0,0,0,0,0,0,0,0,0,0,0,0,0,0,0,0,0,0,0,0,0,0
2015,CA,PF,CA:2,0,130,13800,0,0,60,0,400,0,0,0,20,0,1200,0,0,0,9380,540,0,0,10000,0,0,0,0,0,200,0,0,0,0,0,0
2015,CA,PF,CA:3,0,456389,347574,401,0,3791,0,5935,0,0,258499,127,0,478632,0,0,0,142789,318,0,0,2292932,626712,377,54506,15152,12539,949,0,0,0,0,153,0
2015,CA,PF,CA:4,0,30522,40976,7,1795,6288,0,48778,0,0,1085,200,0,19041,0,0,0,6025,131,0,0,229479,45648,32,890,33474,4219,17608,2884,0,8387,0,109,0
2015,CA,PF,CA:5,0,113524,4434,241,0,808,0,11949,0,0,10377,83,0,30307,0,0,0,4411,785,0,0,16478,55905,53,1614,24363,407,3201,0,0,520,0,0,0
2015,CA,PF,CA:6,0,0,0,0,541,0,0,0,0,0,0,0,0,0,0,0,0,0,0,0,0,0,0,0,0,0,0,0,0,0,0,0,0,0
2015,CA,PF,CA:7,0,13883,1581,10,0,6,0,180,0,0,342,0,0,6495,0,0,0,1267,2,0,0,7959,34337,33,0,7751,290,62,0,0,7025,0,0,0
2015,CO,PF,CO:1,0,0,0,0,0,0,0,0,0,0,0,0,0,0,0,0,0,0,0,0,0,0,0,0,0,0,0,0,0,0,0,0,0,0
2015,CO,PF,CO:Brow,0,0,0,0,0,0,0,0,0,0,0,0,0,0,0,0,0,0,0,0,0,0,0,0,0,0,0,0,0,0,0,0,0,0
2015,ID,PF,ID:1,0,2429,71,0,0,949,295,0,0,0,0,128,0,0,0,0,0,949,14,0,0,1,12,0,0,0,0,0,0,0,0,0,10,0
2015,ID,PF,ID:2,0,0,348,0,0,41,3388,8,0,0,18,0,0,6,0,0,0,16101,7,0,0,17,20,128,4637,0,0,264,0,16,0,0,5,0
2015,ID,PF,ID:3,0,0,0,0,0,0,0,0,0,0,0,0,0,0,0,0,0,0,0,0,0,0,0,0,0,0,0,0,0,0,0,0,0,0
2015,MT,PF,MT:1,0,3050,9,0,0,13,5908,0,0,0,5,369,0,33,0,0,0,17794,89,0,0,8,0,704,8,0,0,8,0,187,0,0,0,0
2015,MT,PF,MT:2,0,85,0,0,0,0,7158,0,0,0,33,324,0,0,0,0,0,4042,907,0,0,17,0,0,0,0,0,0,0,82,0,0,0,0
2015,NM,PF,NM:1,0,525,1311,0,0,160,10650,0,0,0,150,218,0,92,0,350,0,14976,355,0,0,1000,0,125,44,0,0,10,0,0,0,0,0,0
2015,NV,PF,NV:1,0,39098,2912,1,0,440,15642,3,0,0,2455,147,25,3585,0,454,0,16256,399,0,0,300,11204,12327,60,4597,0,38,0,273,0,0,182,35
2015,NV,PF,NV:2,0,210,35,0,0,50,1835,5,0,0,15,100,0,20,0,0,0,2494,135,0,0,15,0,25,125,50,0,95,0,27,0,0,0,0
2015,NV,PF,NV:3,0,4965,645,20,0,1085,860,3825,0,0,280,155,0,925,0,16,0,3365,125,0,0,70,300,235,65,555,0,10,0,101,0,0,0,0
2015,OR,PF,OR:1,0,754,12577,2,486,1221,101312,297,0,0,320,211,21,9813,0,4860,78,37122,317,0,0,46223,2271,18,1127,196,1475,26032,2005,3064,195,0,140,0
2015,OR,PF,OR:2,0,7017,3501,0,0,118,8884,51,0,0,271,176,1,41,0,3003,0,17320,64,0,0,836,64,10,215,0,0,2726,0,30,0,0,5,27
2015,OR,PF,OR:3,0,1590,8549,0,0,1338,11634,584,0,0,16980,158,3017,2126,0,0,0,9490,313,0,0,19922,20,2,194,825,0,1271,0,6044,544,0,0,0
2015,UT,PF,UT:1,0,2038,602,0,0,17,11407,4626,0,0,197,39460,0,2305,0,3,0,6267,309,0,0,5755,18554,242,50,1383,0,334,0,6707,0,0,3,2503
2015,UT,PF,UT:2,0,1988,761,0,0,2,1376,73,0,0,112,1,0,1809,0,0,0,10564,0,0,0,1491,329,56,96,25,0,16,0,82,0,0,0,100
2015,UT,PF,UT:3,0,7,327,2,0,0,5278,0,0,0,78,13,0,18,0,0,0,1587,9,0,0,0,2,201,71,0,0,0,0,28,0,0,0,0
2015,WA,PF,WA:1,0,12034,108380,4,10706,23510,21755,838,0,0,1909,9818,33,20537,1019,49003,872,117884,7705,0,0,94736,2119,39,7286,2484,394,23205,14799,18427,0,0,189,2820
2015,WA,PF,WA:2,0,56996,15060,0,0,454,13809,651,0,0,936,689,8,1740,0,3023,0,263544,1129,0,0,15089,2,722,1266,142,2,19405,0,496,26,0,31,0
2015,WM,PF,WM:Baja,0,0,0,0,44533,0,0,0,0,0,0,0,0,0,0,0,0,0,0,0,0,0,0,0,0,0,0,0,0,0,0,0,0,0
2015,WM,PF,WM:WestCoast,0,0,0,0,23899,0,0,0,0,0,0,0,0,0,0,0,0,0,0,0,0,0,0,0,0,0,0,0,0,0,0,0,0,0
2015,WY,PF,WY:1,0,0,0,0,0,0,0,0,0,0,0,0,0,0,0,0,0,0,0,0,0,0,0,0,0,0,0,0,0,0,0,0,0,0
2014,AK,PF,AK:Izembek,0,0,0,0,48140,0,0,0,8343,37248,0,0,0,0,0,0,0,0,0,0,0,0,0,0,0,0,0,0,0,0,0,0,0,0
2014,AZ,PF,AZ:1,0,0,0,0,0,0,0,0,0,0,0,0,0,0,0,0,0,0,0,0,0,0,0,0,0,0,0,0,0,0,0,0,0,0
2014,AZ,PF,AZ:2,0,602,101,0,0,3,817,25,0,0,501,0,0,464,0,0,0,916,341,0,0,105,939,100,12,0,0,0,0,0,0,0,0,0
2014,AZ,PF,AZ:3,0,162,0,0,0,0,0,0,0,0,194,0,0,231,0,0,0,11,63,0,0,0,403,0,0,10,0,0,0,0,0,0,0,0
2014,CA,PF,CA:1,0,0,0,0,4700,0,0,0,0,0,0,0,0,0,0,0,0,0,0,0,0,0,0,0,0,0,0,0,0,0,0,0,0,0
2014,CA,PF,CA:2,0,20,9450,0,0,25,1248,10,0,0,0,15,125,0,0,0,0,1352,15,0,0,1350,250,0,0,35,0,5,0,3,0,0,0,0
2014,CA,PF,CA:3,0,251470,403890,172,0,1138,5015,9755,0,0,117937,695,288021,180984,0,0,0,138019,68,0,0,1221041,242987,55,13736,4584,10243,549,0,59983,680,0,650,0
2014,CA,PF,CA:4,0,98278,37040,32,1885,8266,31362,27594,0,0,1522,913,26316,18088,0,0,0,15928,76,0,0,53503,43127,162,1000,42437,4911,32164,3157,6603,1642,0,25,0
2014,CA,PF,CA:5,0,244251,7996,2966,0,1541,50013,23350,0,0,22458,469,10035,45132,0,0,0,8670,2185,0,0,20843,144972,0,7684,22603,1750,9061,0,85,40907,0,50,0
2014,CA,PF,CA:6,0,0,0,0,1331,0,0,0,0,0,0,0,0,0,0,0,0,0,0,0,0,0,0,0,0,0,0,0,0,0,0,0,0,0
2014,CA,PF,CA:7,0,13405,1782,0,0,2,4,245,0,0,337,0,0,3530,0,0,0,1178,2,0,0,5372,33410,510,0,17272,54,920,0,0,7025,0,0,0
2014,CO,PF,CO:1,0,0,0,0,0,0,0,0,0,0,0,0,0,0,0,0,0,0,0,0,0,0,0,0,0,0,0,0,0,0,0,0,0,0
2014,CO,PF,CO:Brow,0,0,0,0,0,0,0,0,0,0,0,0,0,0,0,0,0,0,0,0,0,0,0,0,0,0,0,0,0,0,0,0,0,0
2014,ID,PF,ID:1,0,81,429,0,0,297,1940,0,0,0,43,461,0,0,0,0,1,10935,11,0,0,4,37,0,17,0,0,0,0,0,1,0,315,0
2014,ID,PF,ID:2,0,0,0,0,0,1,3709,0,0,0,0,0,0,0,0,0,0,350,8,0,0,0,0,0,0,0,0,3,0,0,0,0,0,0
2014,ID,PF,ID:3,0,0,0,0,0,0,0,0,0,0,0,0,0,0,0,0,0,0,0,0,0,0,0,0,0,0,0,0,0,0,0,0,0,0
2014,MT,PF,MT:1,0,4474,0,0,0,5,4818,15,0,0,0,417,0,37,0,0,0,8824,103,0,0,1,0,257,2,0,0,30,0,161,0,0,0,0
2014,MT,PF,MT:2,0,532,0,0,0,500,84524,0,0,0,0,12380,0,0,0,0,0,16245,2883,0,0,12,0,680,0,0,0,0,0,79,0,0,0,0
2014,NM,PF,NM:1,0,555,170,0,0,0,0,0,0,0,200,130,0,0,0,0,0,14418,341,0,0,168,0,330,410,48,0,195,0,0,0,0,0,0
2014,NV,PF,NV:1,0,92854,426,0,0,341,14469,77,0,0,4899,89,50,4652,0,312,0,10962,356,0,0,138,11505,4655,91,5080,0,176,0,69,56,0,100,0
2014,NV,PF,NV:2,0,125,10,0,0,50,1155,5,0,0,280,100,0,175,0,0,0,2054,85,0,0,120,5,75,165,55,0,90,0,8,0,0,0,0
2014,NV,PF,NV:3,0,7790,155,85,0,345,235,1500,0,0,260,235,0,900,0,14,0,1695,5,0,0,830,915,530,515,2620,0,35,0,56,5,0,0,0
2014,OR,PF,OR:1,0,5645,22076,100,511,691,283563,586,0,0,535,204,7,3035,0,9703,30,49908,710,0,0,203678,2733,46,919,396,510,14376,103,2881,401,0,322,0
2014,OR,PF,OR:2,0,14435,8067,0,0,1228,36387,58,0,0,392,702,10,180,0,15277,0,66786,132,0,0,2814,47,13,1011,55,0,3234,0,32,288,0,0,0
2014,OR,PF,OR:3,0,65,54,0,0,133,4224,0,0,0,134,63,13,102,0,0,0,1525,32,0,0,339,9,0,158,0,0,12,0,370,765,0,0,0
2014,UT,PF,UT:1,0,14,20,0,0,3,7323,1,0,0,86,30033,0,1245,0,0,0,1179,50,0,0,700,12226,0,0,232,0,22,0,2,0,0,0,0
2014,UT,PF,UT:2,0,0,21,0,0,0,577,0,0,0,3,1,0,28,0,0,0,6358,0,0,0,16,0,0,0,8,0,6,0,0,0,0,0,0
2014,UT,PF,UT:3,0,0,404,37,0,0,1008,0,0,0,70,309,0,54,0,0,0,4887,90,0,0,26,5,2,65,0,0,9,0,31,0,0,0,0
2014,WA,PF,WA:1,0,11189,99836,4,17485,26727,19365,417,0,0,1594,8890,24,12170,961,50054,867,138446,8521,0,0,71276,3870,20,5118,1985,758,31080,13287,16328,9146,0,259,0
2014,WA,PF,WA:2,0,32638,12995,0,0,2404,62982,45,0,0,615,1810,0,2026,0,300,0,391225,250,0,0,63,2,1112,209,368,0,10904,0,77,634,50,9537,0
2014,WM,PF,WM:Baja,0,0,0,0,0,0,0,0,0,0,0,0,0,0,0,0,0,0,0,0,0,0,0,0,0,0,0,0,0,0,0,0,0,0
2014,WM,PF,WM:WestCoast,0,0,0,0,0,0,0,0,0,0,0,0,0,0,0,0,0,0,0,0,0,0,0,0,0,0,0,0,0,0,0,0,0,0
2014,WY,PF,WY:1,0,0,0,0,0,18,200,0,0,0,36,2546,0,4,0,0,0,1784,529,0,0,3,0,0,26,0,0,0,0,1044,3,0,0,0
2013,AK,PF,AK:Izembek,0,0,0,0,0,0,0,0,0,0,0,0,0,0,0,0,0,0,0,0,0,0,0,0,0,0,0,0,0,0,0,0,0,0
2013,AZ,PF,AZ:1,0,0,0,0,0,,0,0,0,0,0,0,0,0,0,0,0,0,0,0,0,0,0,0,0,0,0,0,0,0,0,0,0,0
2013,AZ,PF,AZ:2,0,697,228,0,0,,1031,17,0,0,1158,0,0,3706,0,0,0,978,153,0,0,323,3557,28,0,0,29633,0,0,0,0,0,0,0
2013,AZ,PF,AZ:3,0,83,0,0,0,,0,32,0,0,93,134,0,0,0,0,0,1,56,0,0,0,432,17,1,7,0,172,1,3,0,0,0,0
2013,CA,PF,CA:1,0,0,500,0,0,,2000,0,0,0,0,0,0,0,0,0,0,3120,0,0,0,300,0,0,0,0,0,0,0,20,0,0,0,0
2013,CA,PF,CA:2,0,0,0,0,4300,,0,0,0,0,0,0,0,0,0,0,0,0,0,0,0,0,0,0,0,0,0,0,0,0,0,0,0,0
2013,CA,PF,CA:3,0,243622,254472,1172,0,,4251,24571,0,0,114882,1724,235775,200240,0,646250,0,173649,20,0,0,1070292,368579,3535,8091,10622,6583,7907,0,60083,4025,0,0,0
2013,CA,PF,CA:4,0,85614,66208,33,2688,,29699,25534,0,0,13729,1287,47280,25121,0,25745,0,18560,211,0,0,64886,84236,944,1153,54753,4362,87144,2727,12593,22632,0,0,0
2013,CA,PF,CA:5,0,62027,15894,1420,0,,63718,8921,0,0,31410,0,16210,49249,0,84758,0,6022,625,0,0,37078,133579,163,14175,25822,0,28750,0,3,182728,0,0,0
2013,CA,PF,CA:6,0,0,0,0,460,,0,0,0,0,0,0,0,0,0,0,0,0,0,0,0,0,0,0,0,0,0,0,0,0,0,0,0,0
2013,CA,PF,CA:7,0,5969,220,0,0,,3,127,0,0,323,8,0,2010,0,19600,0,766,6,0,0,14624,22683,38,0,12119,500,39,0,0,8563,0,0,0
2013,CO,PF,CO:1,0,0,0,0,0,,0,0,0,0,0,0,0,0,0,0,0,0,0,0,0,0,0,0,0,0,0,0,0,0,0,0,0,0
2013,CO,PF,CO:Brow,0,0,0,0,0,,0,0,0,0,0,0,0,0,0,0,0,0,0,0,0,0,0,0,0,0,0,0,0,0,0,0,0,0
2013,ID,PF,ID:1,0,0,0,0,0,,0,0,0,0,0,0,0,0,0,0,0,0,0,0,0,0,0,0,0,0,0,0,0,0,0,0,0,0
2013,ID,PF,ID:2,0,0,0,0,0,,0,0,0,0,0,0,0,0,0,0,0,0,0,0,0,0,0,0,0,0,0,0,0,0,0,0,0,0
2013,ID,PF,ID:3,0,0,0,0,0,,0,0,0,0,0,0,0,0,0,0,0,0,0,0,0,0,0,0,0,0,0,0,0,0,0,0,0,0
2013,MT,PF,MT:1,0,6075,0,0,0,,4949,0,0,0,74,528,0,66,0,0,0,13678,90,0,0,52,0,0,19,0,0,0,0,154,0,0,0,0
2013,MT,PF,MT:2,0,0,0,0,0,,75652,0,0,0,0,6744,0,8,0,0,0,13883,382,0,0,0,0,0,0,0,0,0,0,80,0,0,0,0
2013,NM,PF,NM:1,0,10,1465,0,0,,24857,10,0,0,110,342,0,0,0,500,0,22229,840,0,0,10,0,280,50,0,0,0,0,0,0,0,0,0
2013,NV,PF,NV:1,0,10221,441,0,0,,18282,185,0,0,3499,137,35,396,0,12,0,21664,102,0,0,215,7359,1091,230,1326,0,120,0,82,32,0,0,0
2013,NV,PF,NV:2,0,190,215,0,0,,1601,20,0,0,205,50,0,30,0,0,0,1105,25,0,0,145,15,71,145,20,0,360,0,31,30,0,0,0
2013,NV,PF,NV:3,0,4335,1970,50,0,,430,2385,0,0,835,160,0,5535,0,15,0,3575,150,0,0,3300,815,820,490,185,0,190,0,152,0,0,0,0
2013,OR,PF,OR:1,0,3887,12774,3,200,,39703,497,0,0,729,110,458,5884,0,2867,0,28628,963,0,0,51888,2683,112,1292,920,0,11401,208,2533,451,0,0,0
2013,OR,PF,OR:2,0,3165,1272,0,0,,6532,8,0,0,169,623,1,300,0,0,0,9843,2118,0,0,990,2,1,171,12,0,2811,0,3,757,0,0,0
2013,OR,PF,OR:3,0,63,69,0,0,,3781,16,0,0,91,103,1,10,0,0,0,1962,485,0,0,76,3,0,492,12,0,198,0,462,7,0,0,0
2013,UT,PF,UT:1,0,309,23,0,0,,10958,18,0,0,40,79,0,194,0,0,0,3120,203,0,0,597,10,25,100,60,0,80,0,412,0,0,0,0
2013,UT,PF,UT:2,0,238,20,0,0,,340,0,0,0,0,16,0,235,0,0,0,5265,36,0,0,121,0,0,0,0,0,0,0,5,10,0,0,0
2013,UT,PF,UT:3,0,44,423,0,0,,1523,0,0,0,61,427,0,105,0,0,0,1330,12,0,0,66,5,65,296,4,0,4,0,13,43,0,0,0
2013,WA,PF,WA:1,0,21899,90424,3,16454,,23190,923,0,0,1964,8674,47,8334,918,56973,722,78594,7040,0,0,64162,2493,61,3522,1291,1015,22549,13677,14795,7208,0,0,0
2013,WA,PF,WA:2,0,30097,11840,0,0,,19496,605,0,0,2272,4896,0,225,0,0,0,175463,1222,0,0,1862,300,3165,415,453,0,29845,0,283,2765,0,0,0
2013,WM,PF,WM:Baja,0,0,0,0,71607,,0,0,0,0,0,0,0,0,0,0,0,0,0,0,0,0,0,0,0,0,0,0,0,0,0,0,0,0
2013,WM,PF,WM:WestCoast,0,0,0,0,23566,,0,0,0,0,0,0,0,0,0,0,0,0,0,0,0,0,0,0,0,0,0,0,0,0,0,0,0,0
2013,WY,PF,WY:1,0,0,0,0,0,,29,0,0,0,0,172,0,2,0,0,0,224,82,0,0,0,0,0,0,0,0,0,0,284,0,0,0,0
2012,AK,PF,AK:Izembek,0,0,0,0,0,0,0,0,0,0,0,0,0,0,0,0,0,0,0,0,0,0,0,0,0,0,0,0,0,0,0,0,0,0
2012,AZ,PF,AZ:1,0,0,0,0,0,0,0,0,0,0,0,0,0,0,0,0,0,0,0,0,0,0,0,0,0,0,0,0,0,0,0,0,0,0
2012,AZ,PF,AZ:2,0,731,473,0,0,10,352,0,0,0,418,0,0,593,0,0,0,662,40,0,0,0,1078,4,15,0,34459,0,0,0,0,0,0,0
2012,AZ,PF,AZ:3,0,3278,975,0,0,205,2707,51,0,0,81,197,0,793,0,1219,0,3058,292,0,0,751,192,76,22,121,1071,134,0,3,78,0,0,0
2012,CA,PF,CA:1,0,0,0,0,1100,0,0,0,0,0,0,0,0,0,0,0,0,0,0,0,0,0,0,0,0,0,0,0,0,0,0,0,0,0
2012,CA,PF,CA:2,0,3320,26200,0,0,450,2680,4200,0,0,0,5,1800,2000,0,0,0,12120,3050,0,0,500,3600,0,0,1620,0,3500,0,815,0,0,0,0
2012,CA,PF,CA:3,0,333421,424144,236,0,1545,2961,925,0,0,82761,462,325149,226097,0,663939,0,144044,14,0,0,1437749,409060,400,29910,3640,8140,235,0,73693,0,0,0,0
2012,CA,PF,CA:4,0,182304,36587,45,560,15987,48706,40124,0,0,8488,1625,87082,12574,0,79185,0,11908,97,0,0,139045,106677,963,60,40543,10650,120342,17978,26885,6043,0,0,0
2012,CA,PF,CA:5,0,345019,7927,3530,0,2153,13424,11376,0,0,23165,255,7329,162395,0,30165,0,10512,210,0,0,50637,182060,337,12540,39033,2216,4200,0,64,0,0,0,0
2012,CA,PF,CA:6,0,0,2711,1,567,618,615,10,0,0,929,1,0,265,0,10,0,237,16,0,0,1605,2550,235,2,935,0,1225,2019,8,6995,0,0,0
2012,CA,PF,CA:7,0,14268,548,240,0,299,3,0,0,0,1099,50,0,3817,0,17412,0,2960,8,0,0,7265,13566,38,0,7038,0,297,0,0,5343,0,0,0
2012,CO,PF,CO:1,0,0,0,0,0,0,0,0,0,0,0,0,0,0,0,0,0,0,0,0,0,0,0,0,0,0,0,0,0,0,0,0,0,0
2012,CO,PF,CO:Brow,0,0,0,0,0,0,0,0,0,0,0,0,0,0,0,0,0,0,0,0,0,0,0,0,0,0,0,0,0,0,0,0,0,0
2012,ID,PF,ID:1,0,0,0,0,0,0,0,0,0,0,0,0,0,0,0,0,0,0,0,0,0,0,0,0,0,0,0,0,0,0,0,0,0,0
2012,ID,PF,ID:2,0,0,0,0,0,0,0,0,0,0,0,0,0,0,0,0,0,0,0,0,0,0,0,0,0,0,0,0,0,0,0,0,0,0
2012,ID,PF,ID:3,0,0,0,0,0,0,0,0,0,0,0,0,0,0,0,0,0,0,0,0,0,0,0,0,0,0,0,0,0,0,0,0,0,0
2012,MT,PF,MT:1,0,8003,6,0,0,0,7836,0,0,0,12,484,0,105,0,0,0,15384,175,0,0,0,0,300,0,0,0,0,0,161,0,0,0,0
2012,MT,PF,MT:2,0,398,0,12,0,0,102180,0,0,0,0,1365,0,0,0,10,0,12775,386,0,0,0,0,0,0,0,0,0,0,121,0,0,0,0
2012,NM,PF,NM:1,0,35,1228,0,0,40,13950,80,0,0,275,272,0,0,0,350,0,9765,404,0,0,105,0,105,0,5,0,0,0,0,0,0,0,0
2012,NV,PF,NV:1,0,32453,403,0,0,755,17807,1359,0,0,1775,250,32,2290,0,614,0,17885,916,0,0,1900,8038,6015,124,5761,0,144,0,857,0,0,0,0
2012,NV,PF,NV:2,0,1820,110,0,0,15,1960,10,0,0,225,300,0,135,0,0,0,1453,165,0,0,160,0,80,95,65,0,240,0,65,0,0,0,0
2012,NV,PF,NV:3,0,7915,310,50,0,755,315,7160,0,0,1450,40,0,2980,0,26,0,5875,30,0,0,2230,505,2350,630,3830,0,525,0,567,0,0,0,0
2012,OR,PF,OR:1,0,12473,12709,24,687,1317,59081,35,3,0,12567,264,11,10527,0,2550,0,34714,1215,0,0,24236,6593,0,3926,700,449,12634,16,1538,1712,100,0,0
2012,OR,PF,OR:2,0,3515,2312,2,0,232,36994,65,0,0,432,2282,0,319,0,4195,0,41975,1776,0,0,1307,0,40,277,1,0,5622,0,53,756,0,0,0
2012,OR,PF,OR:3,0,1878,9307,0,0,565,11355,23,0,0,2520,254,8335,447,0,1,0,8078,265,0,0,4531,9941,237,147,1491,0,931,0,9176,1229,0,0,0
2012,UT,PF,UT:1,0,1475,295,0,0,5,16591,95,0,0,192,131,0,8360,0,0,0,10873,52,0,0,13058,6769,210,0,0,0,0,0,1890,1050,0,0,0
2012,UT,PF,UT:2,0,2103,815,7,0,0,1020,5,0,0,358,1,1,1388,0,0,0,10087,20,0,0,1931,45,26,102,16,0,6,0,140,51,0,0,0
2012,UT,PF,UT:3,0,3001,338,0,0,7,1218,4,0,0,53,1017,0,346,0,0,0,4113,42,0,0,60,18,33,178,3,0,17,1,8,240,0,0,0
2012,WA,PF,WA:1,0,19494,88683,9,17502,20985,23295,738,0,0,2979,8345,34,11306,1067,49699,652,117433,6767,0,0,68560,5245,35,4625,1570,856,28741,13432,11475,0,0,0,0
2012,WA,PF,WA:2,0,29484,12389,0,0,3034,22346,1419,0,0,811,3254,2,4919,0,0,0,165168,1535,0,0,5075,174,2466,790,456,0,20563,0,153,0,0,0,0
2012,WM,PF,WM:Baja,0,0,0,0,101571,0,0,0,0,0,0,0,0,0,0,0,0,0,0,0,0,0,0,0,0,0,0,0,0,0,0,0,0,0
2012,WM,PF,WM:WestCoast,0,0,0,0,9873,0,0,0,0,0,0,0,0,0,0,0,0,0,0,0,0,0,0,0,0,0,0,0,0,0,0,0,0,0
2012,WY,PF,WY:1,0,0,0,0,0,14,287,0,0,0,3,1919,0,30,0,0,0,1990,461,0,0,0,0,0,0,0,0,0,0,0,0,0,0,0
2011,AK,PF,AK:Izembek,0,0,0,0,0,0,0,0,0,0,0,0,0,0,0,0,0,0,0,0,0,0,0,0,0,0,0,0,0,0,0,0,0,0
2011,AZ,PF,AZ:1,0,0,0,0,0,0,0,0,0,0,0,0,0,0,0,0,0,0,0,0,0,0,0,0,0,0,0,0,0,0,0,0,0,0
2011,AZ,PF,AZ:2,0,167,510,25,0,25,446,37,0,0,444,0,0,749,0,4,0,867,154,0,0,101,1444,38,309,292,29962,0,0,0,0,0,0,0
2011,AZ,PF,AZ:3,0,6347,259,120,0,14,5507,43,0,0,155,3,0,5185,0,1470,0,6048,56,0,0,1846,1238,143,66,68,453,160,0,2,295,0,0,0
2011,CA,PF,CA:1,0,0,0,0,11842,0,0,0,0,0,0,0,0,0,0,0,0,0,0,0,0,0,0,0,0,0,0,0,0,0,0,0,0,0
2011,CA,PF,CA:2,0,0,18000,0,0,80,6755,0,0,0,0,20,7000,0,0,700,0,60700,0,0,0,4000,0,0,0,0,0,0,0,1250,0,0,0,0
2011,CA,PF,CA:3,0,188366,219052,798,0,2497,2145,51007,0,0,98966,445,255822,264357,0,492862,0,124078,57,0,0,1073969,234949,1406,26201,16407,4244,50417,0,43711,250,0,0,0
2011,CA,PF,CA:4,0,34522,13158,26,1352,5058,1504,14213,0,0,3341,1053,0,298,0,7,0,1720,103,0,0,6767,50944,395,0,37283,0,48237,5198,0,343,0,0,0
2011,CA,PF,CA:5,0,416650,37775,8365,0,4040,57156,23145,0,0,49210,155,20875,213689,0,81915,0,36289,935,0,0,114670,258130,2007,20570,58260,5057,17130,0,81,0,0,0,0
2011,CA,PF,CA:6,0,0,4368,24,2416,1191,528,67,0,0,452,0,0,723,0,11,0,563,28,0,0,1225,5534,120,175,1591,0,1695,1404,3,1195,0,0,0
2011,CA,PF,CA:7,0,12472,6123,12,0,129,274,174,0,0,384,9,0,8454,0,22201,0,897,41,0,0,24498,43246,54,33,3675,150,486,0,1,1964,0,0,0
2011,CO,PF,CO:1,0,0,0,0,0,0,0,0,0,0,0,0,0,0,0,0,0,0,0,0,0,0,0,0,0,0,0,0,0,0,0,0,0,0
2011,CO,PF,CO:Brow,0,0,0,0,0,0,0,0,0,0,0,0,0,0,0,0,0,0,0,0,0,0,0,0,0,0,0,0,0,0,0,0,0,0
2011,ID,PF,ID:1,0,0,0,0,0,0,0,0,0,0,0,0,0,0,0,0,0,0,0,0,0,0,0,0,0,0,0,0,0,0,0,0,0,0
2011,ID,PF,ID:2,0,0,0,0,0,0,0,0,0,0,0,0,0,0,0,0,0,0,0,0,0,0,0,0,0,0,0,0,0,0,0,0,0,0
2011,ID,PF,ID:3,0,0,0,0,0,0,0,0,0,0,0,0,0,0,0,0,0,0,0,0,0,0,0,0,0,0,0,0,0,0,0,0,0,0
2011,MT,PF,MT:1,0,3020,0,0,0,0,928,0,0,0,0,510,0,31,0,0,0,5183,103,0,0,0,0,0,1,0,0,0,0,234,0,0,0,0
2011,MT,PF,MT:2,0,170,0,0,0,0,54391,,0,0,0,8707,0,3,0,0,0,7065,600,0,0,7,0,0,0,0,0,0,0,39,0,0,0,0
2011,NM,PF,NM:1,0,7,467,0,0,130,13347,0,0,0,550,200,0,0,0,20,0,12454,770,0,0,20,0,260,0,0,0,72,0,0,0,0,0,0
2011,NV,PF,NV:1,0,34905,1149,40,0,637,16168,80,0,0,2378,221,5,2901,0,487,0,13400,443,0,0,1605,7045,5272,396,7564,0,57,0,395,34,0,0,0
2011,NV,PF,NV:2,0,80,70,0,0,95,1592,10,0,0,180,165,0,75,0,0,0,1828,115,0,0,115,0,85,235,170,0,115,0,30,10,0,0,0
2011,NV,PF,NV:3,0,4145,315,50,0,485,305,4830,0,0,695,90,0,4320,0,0,0,4640,0,0,0,1570,1575,500,1160,1330,0,50,0,209,0,0,0,0
2011,OR,PF,OR:1,0,1092,12059,0,0,2048,56783,76,0,0,1364,73,43,18616,0,650,0,20065,453,0,0,28508,2313,10,1803,178,0,4457,1164,2851,2214,0,0,0
2011,OR,PF,OR:2,20,5431,2977,50,0,1282,17926,18,0,0,2201,1502,0,915,0,524,0,62092,2969,0,0,32,394,7,754,12,0,4782,0,14,1126,0,0,0
2011,OR,PF,OR:3,0,104,181,0,0,339,6710,0,0,0,361,180,58,12,0,1,0,4035,242,0,0,31,0,1,167,21,0,113,0,724,21,0,0,0
2011,UT,PF,UT:1,0,241,81,0,0,11,9402,87,0,0,362,482,0,4955,0,2,0,558,109,0,0,75,270,20,50,105,0,446,0,567,50,0,0,0
2011,UT,PF,UT:2,0,1080,1208,6,0,1,728,5,0,0,183,1,0,2070,0,3,0,1678,2,0,0,1295,72,7,75,5,0,5,0,67,0,0,0,0
2011,UT,PF,UT:3,0,1031,453,0,0,7,634,4,0,0,88,395,0,7,0,1,0,2018,19,0,0,34,9,33,74,0,0,1,0,4,100,0,0,0
2011,WA,PF,WA:1,0,11809,97454,37,21457,18342,12191,471,0,0,2330,8808,113,12131,692,39022,663,228004,5964,0,0,68508,918,29,4152,1171,0,19701,11944,12549,4653,0,0,0
2011,WA,PF,WA:2,0,42208,10691,0,0,1109,14808,2677,0,0,1819,5649,0,4966,0,2,0,121786,2811,0,0,2575,1,3986,1040,9,0,11417,0,207,5507,0,0,0
2011,WM,PF,WM:Baja,0,0,0,0,61153,0,0,0,0,0,0,0,0,0,0,0,0,0,0,0,0,0,0,0,0,0,0,0,0,0,0,0,0,0
2011,WM,PF,WM:WestCoast,0,0,0,0,12464,0,0,0,0,0,0,0,0,0,0,0,0,0,0,0,0,0,0,0,0,0,0,0,0,0,0,0,0,0
2011,WY,PF,WY:1,0,0,0,0,0,0,497,0,0,0,4,2106,0,15,0,0,0,1719,557,0,0,0,0,0,0,0,0,0,0,1006,0,0,0,0
2010,AK,PF,AK:Izembek,0,0,0,0,0,0,0,0,0,0,0,0,0,0,0,0,0,0,0,0,0,0,0,0,0,0,0,0,0,0,0,0,0,0
2010,AZ,PF,AZ:2,0,0,697,0,0,66,601,200,0,0,357,0,0,1163,0,9,0,1212,50,0,0,54,2015,350,949,102,40864,0,0,0,0,0,0,0
2010,AZ,PF,AZ:3,0,25173,1692,0,0,12,7303,370,0,0,310,32,0,1216,0,1400,0,5485,19,0,0,1836,504,119,550,0,285,13,0,0,105,0,0,0
2010,CA,PF,CA:1,0,2384,10746,0,8700,1640,3316,946,0,0,80,0,0,4768,0,0,0,1738,80,0,0,20,580,30,55,135,0,3648,3019,159,360,0,0,0
2010,CA,PF,CA:2,0,90,15100,0,0,390,2160,0,0,0,0,40,3000,0,0,200,0,11300,0,0,0,2000,300,0,0,0,0,0,0,860,0,0,0,0
2010,CA,PF,CA:3,0,168123,271835,487,0,485,1037,2232,0,0,78005,4,345366,160299,0,580807,0,123543,11,0,0,1018084,265852,32,25402,3285,3855,9981,0,66334,0,0,0,0
2010,CA,PF,CA:4,0,13942,9648,0,2695,4202,392,6113,0,0,1402,189,0,903,0,83,0,252,113,0,0,2238,26120,46,0,23441,0,19305,3786,0,1231,0,0,0
2010,CA,PF,CA:5,0,238122,77387,1222,0,1940,39605,37290,0,0,86269,235,17595,254395,0,32810,0,29443,390,0,0,114910,213377,620,23720,65050,17103,18520,0,52,0,0,0,0
2010,CA,PF,CA:6,0,0,1412,20,2158,1538,301,0,0,0,671,0,0,187,0,0,0,133,5,0,0,986,13068,30,0,698,0,2185,1107,8,0,0,0,0
2010,CA,PF,CA:7,0,12892,4817,2,0,697,366,31,0,0,238,74,0,8745,0,22710,0,2008,99,0,0,34872,40701,9,606,1403,622,253,3,3,1014,0,0,0
2010,CO,PF,CO:1,0,0,0,0,0,0,7720,0,0,0,0,0,0,0,0,12,0,0,713,0,0,0,0,0,0,0,0,0,0,0,0,0,0,0
2010,CO,PF,CO:Brow,0,0,0,0,0,0,0,0,0,0,0,0,0,0,0,0,0,0,0,0,0,0,0,0,0,0,0,0,0,0,0,0,0,0
2010,ID,PF,ID:1,0,2049,3465,0,0,283,7070,0,0,0,715,218,0,1,0,0,0,3428,143,0,0,2,0,3285,0,2,0,5461,0,112,37,0,0,0
2010,ID,PF,ID:2,0,16194,2931,55,0,230,31231,57,0,0,110,29982,0,52,0,5,0,135392,39,0,0,36,107,39,1372,4,0,669,0,65,13316,0,0,0
2010,ID,PF,ID:3,0,0,32,0,0,152,7554,6,0,0,24,3292,0,3,0,0,0,14198,288,0,0,50,0,0,0,0,0,0,0,2594,15,0,0,0
2010,MT,PF,MT:1,0,1500,0,0,0,15,7316,0,0,0,0,235,0,0,0,0,0,7748,110,0,0,8,0,20,92,0,0,0,0,79,141,0,0,0
2010,MT,PF,MT:2,0,200,0,0,0,2835,76298,0,0,0,0,18765,0,0,0,0,0,15194,325,0,0,0,0,0,0,0,0,0,0,95,0,0,0,0
2010,NM,PF,NM:1,0,0,735,0,0,225,9149,5,0,0,490,52,0,50,0,200,0,5694,747,0,0,10,0,215,0,0,0,92,0,123,0,0,0,0
2010,NV,PF,NV:1,0,17018,372,0,0,629,15550,715,0,0,602,152,0,340,0,325,0,8910,305,0,0,160,1553,2520,178,4062,0,0,0,55,6,0,0,0
2010,NV,PF,NV:2,0,65,140,0,0,75,955,10,0,0,110,130,0,20,0,0,0,928,40,0,0,40,20,40,225,90,0,65,0,31,0,0,0,0
2010,NV,PF,NV:3,0,8110,755,55,0,315,705,4445,0,0,330,75,0,1650,0,0,0,5310,175,0,0,1300,165,1035,325,2010,0,150,0,296,0,0,0,0
2010,OR,PF,OR:1,0,1638,42368,11,0,1487,95313,137,0,0,425,90,10,57779,0,16,0,46618,651,0,0,57764,2421,4,10934,1160,740,2101,0,2716,381,0,0,0
2010,OR,PF,OR:2,0,11847,1495,0,0,955,17076,36,0,0,802,1395,4,2795,0,4,0,87322,1747,0,0,4905,535,14,1727,15,0,4043,0,67,1952,0,0,0
2010,OR,PF,OR:3,0,100,5526,0,0,600,12283,300,0,0,96,207,741,40,0,0,0,4695,292,0,0,93,200,0,177,316,0,301,0,3360,1330,0,0,0
2010,UT,PF,UT:1,0,463,176,0,0,0,15229,50,0,0,250,1142,0,3830,0,2,0,4843,0,0,0,2469,12430,0,200,0,0,0,0,2386,0,0,0,0
2010,UT,PF,UT:2,0,1198,154,3,0,2,666,1,0,0,379,11,0,451,0,3,0,7300,2,0,0,1079,38,4,50,5,0,1,0,69,0,0,0,0
2010,UT,PF,UT:3,0,525,583,0,0,13,753,2,0,0,54,512,0,100,0,0,0,900,34,0,0,8,15,158,109,5,0,0,0,4,314,0,0,0
2010,WA,PF,WA:1,0,9166,85881,18,14895,17875,9140,323,0,0,3398,9151,22,8311,839,66184,439,161928,6648,0,0,38730,2365,16,3963,1098,221,16306,10455,13113,0,0,0,0
2010,WA,PF,WA:2,0,75377,40178,2,0,3734,44119,3466,0,0,3479,5427,0,3243,0,1,0,243676,1246,0,0,2057,109,3534,4800,330,0,26697,0,100,0,0,0,0
2010,WM,PF,WM:Baja,0,0,0,0,71688,0,0,0,0,0,0,0,0,0,0,0,0,0,0,0,0,0,0,0,0,0,0,0,0,0,0,0,0,0
2010,WM,PF,WM:WestCoast,0,0,0,0,23389,0,0,0,0,0,0,0,0,0,0,0,0,0,0,0,0,0,0,0,0,0,0,0,0,0,0,0,0,0
2010,WY,PF,WY:1,0,0,1,0,0,0,381,0,0,0,6,2190,0,40,0,0,0,2094,456,0,0,0,0,0,0,0,0,0,0,712,0,0,0,0
2009,AK,PF,AK:Izembek,0,0,0,0,0,0,0,0,0,0,0,0,0,0,0,0,0,0,0,0,0,0,0,0,0,0,0,0,0,0,0,0,0,0
2009,AZ,PF,AZ:1,0,0,0,0,0,0,0,0,0,0,0,0,0,0,0,0,0,0,0,0,0,0,0,0,0,0,0,0,0,0,0,0,0,0
2009,AZ,PF,AZ:2,0,1297,686,0,0,5,838,68,0,0,384,7,0,628,0,1,0,1129,339,0,0,83,1635,439,520,302,28814,15,0,0,0,0,0,0
2009,AZ,PF,AZ:3,0,8041,472,7,0,39,9781,61,0,0,840,12,0,697,0,725,0,3455,0,0,0,1089,641,128,134,40,289,10,0,1,0,0,0,0
2009,CA,PF,CA:1,0,2725,3895,0,1499,1259,1864,304,0,0,0,0,4,860,3,2,0,874,48,0,0,0,377,0,0,28,0,4239,5101,184,1000,0,0,0
2009,CA,PF,CA:2,0,0,6000,0,0,480,3486,0,0,0,0,80,2600,0,0,30,0,18500,660,0,0,6000,0,0,0,30,0,0,0,105,0,0,0,0
2009,CA,PF,CA:3,0,195788,276391,1840,0,2019,9330,10550,0,0,80986,52,291876,171326,0,642455,0,147262,82,0,0,950164,340323,370,32207,8405,4896,5335,0,40946,0,0,0,0
2009,CA,PF,CA:4,0,49934,53406,157,1745,21410,43368,38291,0,0,13761,902,74720,25061,0,49280,0,25655,35,0,0,68701,115260,364,743,42694,11878,127549,15267,56382,1739,0,0,0
2009,CA,PF,CA:5,0,329277,49910,915,0,1265,48855,26175,0,0,37145,409,13345,286994,0,79946,0,31957,555,0,0,134600,223435,755,22120,35555,1905,12980,0,285,0,0,0,0
2009,CA,PF,CA:6,0,0,4789,5,3148,1867,130,117,0,0,903,0,0,394,0,0,0,684,16,0,0,926,3080,89,77,1507,0,3861,1741,0,918,0,0,0
2009,CA,PF,CA:7,0,20686,8477,41,0,621,238,381,0,0,565,310,0,11722,0,19000,0,1087,276,0,0,17789,42436,86,92,11576,60,636,0,0,6077,0,0,0
2009,CO,PF,CO:1,0,53,0,0,0,0,4449,0,0,0,0,0,0,0,0,0,0,0,636,0,0,0,0,0,0,0,3,0,0,1,20,0,0,0
2009,CO,PF,CO:Brow,0,0,0,0,0,0,0,0,0,0,0,0,0,0,0,0,0,0,0,0,0,0,0,0,0,0,0,0,0,0,0,0,0,0
2009,ID,PF,ID:1,0,1189,157,0,0,532,7824,2,0,0,19,478,0,0,0,0,0,3549,500,0,0,6,1,14006,74,0,0,2218,0,389,0,0,0,0
2009,ID,PF,ID:2,0,11497,2027,0,0,95,28369,10,0,0,18,24110,0,27,0,0,0,187180,8,0,0,279,139,604,1040,13,0,2177,0,68,9956,0,0,0
2009,ID,PF,ID:3,0,0,0,0,0,0,1099,0,0,0,0,3053,0,0,0,0,0,6072,74,0,0,119,0,0,0,0,0,0,0,2856,1110,0,0,0
2009,MT,PF,MT:1,0,0,0,0,0,0,676,0,0,0,0,492,0,0,0,0,0,4488,195,0,0,0,0,0,2,0,0,0,0,198,0,0,0,0
2009,MT,PF,MT:2,0,325,4,0,0,110,58968,0,0,0,0,23635,0,0,0,0,0,13590,783,0,0,0,0,0,0,0,0,0,0,98,0,0,0,0
2009,NM,PF,NM:1,0,0,0,0,0,210,14784,0,0,0,28,200,0,20,0,0,0,5639,1047,0,0,30,705,200,0,0,0,5,0,0,0,0,0,0
2009,NV,PF,NV:1,0,34935,381,2,0,890,20004,492,0,0,1249,218,6,376,0,9,0,11530,1378,0,0,1801,3939,2439,548,7302,0,51,0,921,0,0,0,0
2009,NV,PF,NV:2,0,80,60,0,0,40,1025,0,0,0,235,95,0,115,0,0,0,1646,80,0,0,95,10,5,180,25,0,25,0,78,0,0,0,0
2009,NV,PF,NV:3,0,8365,1500,0,0,550,555,2675,0,0,1255,45,0,4110,0,30,0,4150,25,0,0,1325,730,225,75,3105,0,40,0,230,0,0,0,0
2009,OR,PF,OR:1,0,8973,52760,8,823,16088,164666,1046,0,0,4102,833,94,59893,0,5210,0,62486,1683,0,0,98504,6391,261,18029,594,929,24292,2113,3995,30,0,0,0
2009,OR,PF,OR:2,0,14604,3511,0,0,1170,28449,92,0,0,369,1460,0,1176,0,960,0,49816,2918,0,0,2205,73,78,1798,37,0,2902,0,47,199,0,0,0
2009,OR,PF,OR:3,0,488,246,0,0,2863,11640,6,0,0,677,378,3301,50,0,2,0,3618,2104,0,0,433,779,0,24,432,0,36,0,1634,0,0,0,0
2009,UT,PF,UT:1,0,852,133,0,0,0,10737,144,0,0,245,1450,0,5578,0,0,0,4123,193,0,0,4630,11308,20,301,43,15,145,0,1307,175,0,0,0
2009,UT,PF,UT:2,0,981,1923,85,0,1,1088,4,0,0,607,10,0,1768,0,0,0,7526,16,0,0,2109,20,1,25,4,0,1,0,155,0,0,0,0
2009,UT,PF,UT:3,0,1939,340,0,0,2,1019,0,0,0,183,444,0,33,0,0,0,2240,52,0,0,121,1,75,258,1,0,0,0,12,77,0,0,0
2009,WA,PF,WA:1,0,12100,184914,12,29243,20627,19274,659,0,0,2639,10239,119,14261,670,55016,547,159402,5526,0,0,111282,2585,36,5538,1396,449,26981,12585,14046,9981,0,0,0
2009,WA,PF,WA:2,0,89851,22322,0,0,4883,9355,2580,0,0,2685,5737,0,914,0,0,0,95253,997,0,0,5953,86,4632,14202,112,0,13325,0,288,0,0,0,0
2009,WM,PF,WM:Baja,0,0,0,0,0,0,0,0,0,0,0,0,0,0,0,0,0,0,0,0,0,0,0,0,0,0,0,0,0,0,0,0,0,0
2009,WM,PF,WM:WestCoast,0,0,0,0,0,0,0,0,0,0,0,0,0,0,0,0,0,0,0,0,0,0,0,0,0,0,0,0,0,0,0,0,0,0
2009,WY,PF,WY:1,0,1327,0,0,0,4,340,0,0,0,18,1688,0,30,0,0,0,2236,1018,0,0,0,0,0,1,0,0,0,0,752,0,0,0,0
2008,AK,PF,AK:Izembek,0,0,0,0,0,0,0,0,0,0,0,0,0,0,0,0,0,0,0,0,0,0,0,0,0,0,0,0,0,0,0,0,0,0
2008,AZ,PF,AZ:1,0,400,0,0,0,0,75,115,0,0,195,2,0,0,0,0,0,0,25,0,0,50,0,40,625,75,0,10,0,0,0,0,0,0
2008,AZ,PF,AZ:2,0,1275,113,41,0,25,2132,61,0,0,1129,0,0,3235,0,0,0,1133,109,0,0,433,1414,207,150,102,36708,25,0,2,0,0,0,0
2008,AZ,PF,AZ:3,0,29298,413,6,0,180,5488,69,0,0,1198,1,0,2530,0,750,0,2229,158,0,0,391,1334,29,205,266,115,37,0,1,0,0,0,0
2008,CA,PF,CA:1,0,0,0,0,0,0,0,0,0,0,0,0,0,0,0,0,0,0,0,0,0,0,0,0,0,0,0,0,0,0,0,0,0,0
2008,CA,PF,CA:2,0,0,53300,0,0,1150,5145,600,0,0,0,200,5700,0,0,200,0,35150,220,0,0,6200,4100,10,400,1000,0,800,0,762,0,0,0,0
2008,CA,PF,CA:3,0,275177,320689,805,0,1665,2193,16621,0,0,92836,316,251490,188675,0,689729,0,170583,24,0,0,1188827,303208,34,31071,13667,4848,9322,0,49035,200,0,0,0
2008,CA,PF,CA:4,0,48141,44089,46,1652,7840,6882,21480,0,0,7233,297,31770,13384,0,28156,0,15463,57,0,0,56444,65069,24,1581,20989,7821,37835,2206,30147,4767,0,0,0
2008,CA,PF,CA:5,0,260889,37811,8715,0,1390,59828,34055,0,0,71827,920,4030,290900,0,55256,0,46301,287,0,0,44381,331811,665,47005,55683,1037,19210,0,146,2000,0,0,0
2008,CA,PF,CA:6,0,0,4240,12,3175,1538,576,70,0,0,2097,6,0,462,0,2,0,1207,88,0,0,3120,6144,337,64,1151,0,4093,5391,3,529,0,0,0
2008,CA,PF,CA:7,0,17293,7191,60,0,768,106,190,0,0,509,957,0,5994,0,11116,0,1465,243,0,0,7827,27647,191,331,12702,0,1103,0,0,15643,0,0,0
2008,CO,PF,CO:1,0,120,0,0,0,0,5823,0,0,0,0,0,0,0,0,15,0,0,251,0,0,0,0,0,0,0,0,0,0,1,0,0,0,0
2008,CO,PF,CO:Brow,0,0,0,0,0,0,0,0,0,0,0,0,0,0,0,0,0,0,0,0,0,0,0,0,0,0,0,0,0,0,0,0,0,0
2008,ID,PF,ID:1,0,30918,1377,0,0,896,5473,441,0,0,2,1996,0,68,0,0,0,2335,643,0,0,0,1,21253,49,2,0,4483,0,312,79,0,0,0
2008,ID,PF,ID:2,0,6889,2762,0,0,78,28771,0,0,0,294,24658,0,40,0,0,0,136673,81,0,0,298,48,13,371,0,0,1779,0,47,6243,0,0,0
2008,ID,PF,ID:3,0,0,0,0,0,38,10326,0,0,0,0,4183,0,0,0,0,0,3692,131,0,0,2,0,0,0,0,0,0,0,2785,6031,0,0,0
2008,MT,PF,MT:1,0,9650,100,0,0,0,7375,1000,0,0,0,104,0,0,0,0,0,11492,63,0,0,9,0,0,60,0,0,0,0,64,0,0,0,0
2008,MT,PF,MT:2,0,420,0,0,0,860,49705,0,0,0,0,18400,0,0,0,0,0,12142,585,0,0,0,0,30,0,0,0,100,0,98,0,0,0,0
2008,NM,PF,NM:1,0,1530,1092,0,0,20,14522,0,0,0,150,195,0,35,0,120,0,10693,263,0,0,0,0,100,0,0,0,30,0,3,0,0,0,0
2008,NV,PF,NV:1,0,15332,475,0,0,897,23547,3559,0,0,2200,483,50,3278,0,1577,0,24598,1924,0,0,9660,5519,3401,1615,4834,0,192,0,2145,0,0,0,0
2008,NV,PF,NV:2,0,130,35,0,0,45,945,50,0,0,175,45,0,80,0,0,0,922,120,0,0,55,0,30,250,25,0,70,0,30,0,0,0,0
2008,NV,PF,NV:3,0,2365,310,0,0,785,285,2875,0,0,680,0,0,615,0,1,0,3430,105,0,0,1645,135,740,290,800,0,0,0,119,0,0,0,0
2008,OR,PF,OR:1,0,25864,40996,0,370,9871,142854,2317,0,0,1898,917,37,43300,6,5697,0,81715,1053,0,0,106425,6332,411,18012,1495,930,31159,3477,4856,0,0,0,0
2008,OR,PF,OR:2,0,13736,5191,0,0,721,18109,40,0,0,281,2743,0,294,0,2,0,66624,1753,0,0,9787,821,0,1284,7,0,3843,0,31,938,0,0,0
2008,OR,PF,OR:3,0,3044,688,0,0,3259,14633,404,0,0,2151,734,15,10,0,4,0,4861,139,0,0,644,279,2,440,608,0,2531,0,1543,4724,0,0,0
2008,UT,PF,UT:1,0,423,50,100,0,1,10447,259,0,0,155,1360,0,5221,0,5,0,15537,9,0,0,5530,10350,10,65,1,0,10,0,1933,0,0,0,0
2008,UT,PF,UT:2,0,950,564,2,0,0,1016,1,0,0,427,51,0,1761,0,2,0,8535,5,0,0,1713,61,0,30,11,0,1,0,107,0,0,0,0
2008,UT,PF,UT:3,0,2791,415,0,0,11,332,0,0,0,49,493,0,301,0,0,0,1033,60,0,0,22,2,151,139,0,0,0,0,6,290,0,0,0
2008,WA,PF,WA:1,0,18002,70053,2,19775,19035,18095,790,0,0,3260,9399,42,13076,902,82583,504,118214,5574,0,0,32301,1884,21,8417,1374,522,24669,16742,11401,0,0,0,0
2008,WA,PF,WA:2,0,51303,19561,0,0,2195,42078,3000,0,0,2594,5707,0,2430,0,0,0,195657,803,0,0,13547,326,2422,8151,1722,0,10383,0,217,0,0,0,0
2008,WM,PF,WM:Baja,0,0,0,0,83856,0,0,0,0,0,0,0,0,0,0,0,0,0,0,0,0,0,0,0,0,0,0,0,0,0,0,0,0,0
2008,WM,PF,WM:WestCoast,0,0,0,0,19443,0,0,0,0,0,0,0,0,0,0,0,0,0,0,0,0,0,0,0,0,0,0,0,0,0,0,0,0,0
2008,WY,PF,WY:1,0,0,1,0,0,11,147,0,0,0,2,1603,0,54,0,0,0,1901,563,0,0,0,0,0,0,0,0,0,0,729,0,0,0,0
2007,AK,PF,AK:Izembek,0,0,0,0,0,0,0,0,0,0,0,0,0,0,0,0,0,0,0,0,0,0,0,0,0,0,0,0,0,0,0,0,0,0
2007,AZ,PF,AZ:1,0,290,315,0,0,2,16,210,0,0,100,90,0,275,0,0,0,228,114,0,0,0,0,150,75,0,0,150,0,0,0,0,0,0
2007,AZ,PF,AZ:2,0,611,73,5,0,10,1272,0,0,0,414,10,0,1144,0,3,0,467,68,0,0,299,1120,0,15,130,30570,1,0,0,10,0,0,0
2007,AZ,PF,AZ:3,0,15779,1502,0,0,76,16290,43,0,0,921,0,0,3054,0,600,0,660,147,20,0,2823,1045,243,426,81,2322,48,0,0,60,0,0,0
2007,CA,PF,CA:1,0,4391,4901,0,2316,6109,2033,882,0,0,514,0,0,3325,0,2,0,2391,45,0,0,451,1201,0,113,368,0,6490,5271,274,1888,0,0,0
2007,CA,PF,CA:2,0,1600,35100,0,0,870,7090,0,0,0,0,170,6350,9000,0,0,0,48400,1420,0,0,46000,200,0,0,0,0,0,0,1923,0,0,0,0
2007,CA,PF,CA:3,0,247673,426228,495,0,1254,7967,6486,0,0,113445,1880,331236,237745,0,551305,0,279443,222,0,0,1391177,277872,245,36897,8671,6477,6459,0,70561,0,0,0,0
2007,CA,PF,CA:4,0,114810,38005,476,1583,8851,18773,17870,0,0,6999,834,47014,13598,0,51855,0,24850,31,0,0,90859,66756,1406,327,17769,3552,42529,23323,17235,4246,0,0,0
2007,CA,PF,CA:5,0,210644,17022,2563,0,2645,7489,20029,0,0,46161,36,3968,236383,0,38425,0,28886,1242,0,0,42836,264257,1689,43967,43703,2691,2913,0,144,270,0,0,0
2007,CA,PF,CA:6,0,0,1560,13,3488,1673,61,39,0,0,557,31,0,290,0,16,0,717,44,0,0,275,2530,577,19,1926,0,3517,4520,0,164,0,0,0
2007,CA,PF,CA:7,0,7819,2558,0,0,912,139,38,0,0,566,559,0,2061,0,7350,0,1098,750,0,0,1963,10088,74,57,1302,20,478,0,0,10001,0,0,0
2007,CO,PF,CO:1,0,63,0,0,0,0,7766,0,0,0,0,0,0,0,0,30,0,0,453,0,0,0,0,0,0,0,0,0,0,0,325,0,0,0
2007,CO,PF,CO:Brow,0,0,0,0,0,0,0,0,0,0,0,0,0,0,0,0,0,0,0,0,0,0,0,0,0,0,0,0,0,0,0,0,0,0
2007,ID,PF,ID:1,0,21850,127,0,0,796,5621,1027,0,0,236,2337,0,0,0,0,0,4092,171,0,0,5,0,13020,817,0,0,8329,0,236,104,0,0,0
2007,ID,PF,ID:2,0,2789,3286,0,0,153,23991,2,0,0,316,16027,0,134,0,3,0,199103,62,0,0,115,44,91,2999,7,0,1856,0,14,8158,0,0,0
2007,ID,PF,ID:3,0,0,3,0,0,0,15300,0,0,0,0,3671,0,0,0,0,0,4546,180,0,0,4,0,0,0,0,0,0,0,3287,9569,0,0,0
2007,MT,PF,MT:1,0,650,0,0,0,309,7319,1477,0,0,0,2535,0,25,0,0,0,17453,488,0,0,0,0,4500,8,0,0,205,0,310,0,0,0,0
2007,MT,PF,MT:2,0,150,0,0,0,1010,49894,0,0,0,0,20584,0,2,0,0,0,17642,763,0,0,0,0,30,2,0,0,54,0,118,0,0,0,0
2007,NM,PF,NM:1,0,125,1471,0,0,100,9242,0,0,0,10,120,0,0,0,120,0,5424,405,0,0,0,0,120,0,0,0,130,0,0,0,0,0,0
2007,NV,PF,NV:1,0,32420,1064,0,0,1680,16539,2402,0,0,3336,526,24,2742,0,386,0,21105,783,0,0,7125,4526,9590,1966,9445,0,54,0,3658,0,0,0,0
2007,NV,PF,NV:2,0,570,220,0,0,85,1030,55,0,0,130,25,0,25,0,0,0,2234,65,0,0,185,0,85,340,225,0,165,0,60,0,0,0,0
2007,NV,PF,NV:3,0,14110,1130,0,0,535,445,4630,0,0,1085,110,0,3455,0,17,0,2640,20,0,0,4110,795,3655,1010,1300,0,770,0,145,0,0,0,0
2007,OR,PF,OR:1,0,12225,40829,5,702,10919,120519,1188,0,0,1110,320,8,32272,0,4806,0,67130,1166,0,0,133014,3605,29,6621,2060,264,36054,1795,3317,802,0,0,0
2007,OR,PF,OR:2,0,3060,3276,0,0,1179,13392,31,0,0,898,3405,0,412,0,1,0,19473,967,0,0,1834,298,24,844,7,0,5839,0,38,619,0,0,0
2007,OR,PF,OR:3,0,1861,3162,0,0,2472,14118,280,0,0,1790,507,48,20,0,7,0,13634,1270,0,0,52,20,4,325,6150,0,561,0,2267,828,0,0,0
2007,UT,PF,UT:1,0,489,775,0,0,0,12881,4804,0,0,797,16413,0,32502,0,0,0,16628,80,0,0,36420,49131,0,712,3230,0,1082,0,8616,0,0,0,0
2007,UT,PF,UT:2,0,1144,1548,1,0,8,1439,1,0,0,990,23,0,2457,0,0,0,12245,300,0,0,2551,105,1,70,17,0,24,0,108,0,0,0,0
2007,UT,PF,UT:3,0,1638,713,0,0,22,5152,4,0,0,160,704,0,92,0,4,0,3245,28,0,0,194,19,123,341,6,0,38,0,0,1387,0,0,0
2007,WA,PF,WA:1,0,16307,74298,272,12712,16348,14853,591,0,0,1695,8763,82,26670,733,76485,804,162922,6011,0,0,102465,6306,28,6302,1578,872,20718,15307,13347,0,0,0,0
2007,WA,PF,WA:2,0,55958,16436,0,0,1163,27897,910,0,0,3619,5210,0,4277,0,3000,0,331675,1432,0,0,11484,2457,3617,6340,601,0,8993,0,150,0,0,0,0
2007,WM,PF,WM:Baja,0,0,0,0,0,0,0,0,0,0,0,0,0,0,0,0,0,0,0,0,0,0,0,0,0,0,0,0,0,0,0,0,0,0
2007,WM,PF,WM:WestCoast,0,0,0,0,0,0,0,0,0,0,0,0,0,0,0,0,0,0,0,0,0,0,0,0,0,0,0,0,0,0,0,0,0,0
2007,WY,PF,WY:1,0,0,0,0,0,0,637,0,0,0,8,2022,0,28,0,0,0,2600,482,0,0,0,0,0,0,0,0,0,0,799,0,0,0,0
2006,AK,PF,AK:Izembek,0,0,0,0,0,0,0,0,0,0,0,0,0,0,0,0,0,0,0,0,0,0,0,0,0,0,0,0,0,0,0,0,0,0
2006,AZ,PF,AZ:1,0,1095,10,0,0,0,491,95,0,0,97,0,0,25,0,0,0,569,174,0,0,40,2,140,180,250,0,10,0,0,0,0,0,0
2006,AZ,PF,AZ:2,0,885,130,0,0,3,585,0,0,0,707,0,0,1075,0,11,0,977,235,0,0,5,2110,5,165,7,30570,0,0,0,0,0,0,0
2006,AZ,PF,AZ:3,0,10747,2031,0,0,190,12773,29,0,0,652,85,0,1561,0,900,0,1591,224,307,0,1994,764,51,422,60,360,2,0,0,0,0,0,0
2006,CA,PF,CA:1,0,7091,6597,0,1591,2879,813,653,0,0,312,0,0,6358,0,1,0,1366,17,0,0,140,171,0,30,26,0,5016,4799,238,16510,0,0,0
2006,CA,PF,CA:2,0,7770,98700,0,0,4600,7950,1800,0,0,900,310,22700,11200,0,3760,0,84050,8200,0,0,132950,18800,0,2950,19400,0,3200,0,9570,0,0,0,0
2006,CA,PF,CA:3,0,232915,460175,1448,0,1551,1429,14629,0,0,141262,228,398418,149566,0,385320,0,242099,102,0,0,740715,195731,10,35214,10879,6283,48560,0,57594,0,0,0,0
2006,CA,PF,CA:4,0,26558,20745,507,1553,14532,11826,9046,0,0,5062,392,10919,7517,0,16551,0,25262,10,0,0,37168,28519,152,0,19433,5423,95249,14780,11950,1768,0,0,0
2006,CA,PF,CA:5,0,205752,78706,7607,0,1817,18072,16495,0,0,49001,10,4582,227326,0,31630,0,62799,257,0,0,237478,278466,890,58243,47773,5610,4630,0,60,0,0,0,0
2006,CA,PF,CA:6,0,2069,2043,10,1925,667,781,56,0,0,356,0,0,115,0,0,0,78,3,0,0,69,2034,0,0,208,0,2365,146,3,1024,0,0,0
2006,CA,PF,CA:7,0,10389,5416,1858,0,2021,389,52,0,0,3881,720,0,4041,0,36500,0,1379,416,0,0,3021,19311,49,39,453,142,704,0,0,113,0,0,0
2006,CO,PF,CO:1,0,63,0,0,0,0,7766,0,0,0,0,0,0,0,0,30,0,0,453,0,0,0,0,0,0,0,0,0,0,0,325,0,0,0
2006,CO,PF,CO:Brow,0,0,0,0,0,0,0,0,0,0,0,0,0,0,0,0,0,0,0,0,0,0,0,0,0,0,0,0,0,0,0,0,0,0
2006,ID,PF,ID:1,0,17619,760,0,0,684,1097,0,0,0,9,1556,0,0,0,0,0,2824,915,0,0,3,0,14971,50,0,0,2412,0,242,756,0,0,0
2006,ID,PF,ID:2,0,3854,4270,50,0,345,20343,312,0,0,880,17285,0,281,0,0,0,95558,168,0,0,249,4,938,4231,2,0,1702,0,14,4745,0,0,0
2006,ID,PF,ID:3,0,0,0,20,0,16,17638,0,0,0,5,2632,0,37,0,0,0,5085,113,0,0,3,0,0,0,0,0,0,0,2336,9421,0,0,0
2006,MT,PF,MT:1,0,13500,0,0,0,351,7745,5530,0,0,0,1166,0,25,0,0,0,7606,213,0,0,0,0,4911,1160,0,0,100,0,335,0,0,0,0
2006,MT,PF,MT:2,0,450,0,0,0,0,40590,0,0,0,0,3380,0,0,0,0,0,8700,50,0,0,0,0,0,0,0,0,0,0,0,0,0,0,0
2006,NM,PF,NM:1,0,518,1000,0,0,179,15007,10,0,0,203,305,0,80,0,100,0,4419,725,0,0,340,0,100,130,0,0,0,0,0,0,0,0,0
2006,NV,PF,NV:1,0,18731,2869,10,0,1218,17730,2520,0,0,6867,168,77,15349,0,1213,0,18248,2102,0,0,8977,3814,5650,1363,2801,0,69,0,2612,1,0,0,0
2006,NV,PF,NV:2,0,420,245,0,0,80,2480,50,0,0,775,30,5,615,0,6,0,3023,180,0,0,420,105,160,395,280,0,155,0,27,0,0,0,0
2006,NV,PF,NV:3,0,14110,510,0,0,945,550,3225,0,0,1490,0,0,1560,0,0,0,1790,35,0,0,585,345,675,640,1045,0,475,0,139,0,0,0,0
2006,OR,PF,OR:1,0,12395,52556,0,649,7634,138787,780,0,0,5727,262,22,58071,10,2902,4,56612,1375,0,0,143639,9992,110,10177,1840,118,28275,3953,5485,13444,0,0,0
2006,OR,PF,OR:2,0,5093,4408,2,0,639,18281,129,0,0,793,1994,0,321,0,0,0,38102,351,0,0,1621,391,1,1124,30,0,9589,0,57,1130,0,0,0
2006,OR,PF,OR:3,0,2433,1389,0,0,1659,18715,0,0,0,545,137,79,349,0,2,0,4904,3057,0,0,335,357,2,258,2408,0,660,0,4272,1998,0,0,0
2006,UT,PF,UT:1,0,649,1478,0,0,976,14935,26,0,0,4756,14906,0,12133,0,0,0,37003,262,0,0,23914,18233,57,9,3,0,12,0,16633,1575,0,0,0
2006,UT,PF,UT:2,0,6332,5934,7,0,0,2025,0,0,0,1040,71,0,2521,0,0,0,6414,182,0,0,3417,104,6,150,57,0,230,0,101,0,0,0,0
2006,UT,PF,UT:3,0,883,699,0,0,8,2953,0,0,0,109,461,0,157,0,1,0,4136,43,0,0,195,18,201,207,9,0,55,0,14,51,0,0,0
2006,WA,PF,WA:1,0,16211,128442,3,16305,20117,15129,591,0,0,2941,10072,17,26933,1015,80060,927,189125,6066,0,0,89431,3471,16,3738,1404,347,21226,18265,11403,0,0,0,0
2006,WA,PF,WA:2,0,103645,42049,2,0,1740,30728,1913,0,0,2839,9112,0,2559,0,1,0,185756,2289,0,0,4896,659,13010,4769,314,0,31293,0,158,0,0,0,0
2006,WM,PF,WM:Baja,0,0,0,0,0,0,0,0,0,0,0,0,0,0,0,0,0,0,0,0,0,0,0,0,0,0,0,0,0,0,0,0,0,0
2006,WM,PF,WM:WestCoast,0,0,0,0,0,0,0,0,0,0,0,0,0,0,0,0,0,0,0,0,0,0,0,0,0,0,0,0,0,0,0,0,0,0
2006,WY,PF,WY:1,0,0,0,0,0,2,627,0,0,0,0,2139,0,17,0,0,0,2336,335,0,0,0,0,0,0,0,0,0,0,645,0,0,0,0
